Concepto,Fecha,Valor
Total Nacional. Índice general. Índice. ,1764543600000,119.942
Total Nacional. Índice general. Índice. ,1761951600000,119.532
Total Nacional. Índice general. Índice. ,1759269600000,119.301
Total Nacional. Índice general. Índice. ,1756677600000,118.485
Total Nacional. Índice general. Índice. ,1753999200000,118.824
Total Nacional. Índice general. Índice. ,1751320800000,118.777
Total Nacional. Índice general. Índice. ,1748728800000,118.867
Total Nacional. Índice general. Índice. ,1746050400000,118.077
Total Nacional. Índice general. Índice. ,1743458400000,117.997
Total Nacional. Índice general. Índice. ,1740783600000,117.26
Total Nacional. Índice general. Índice. ,1738364400000,117.191
Total Nacional. Índice general. Índice. ,1735686000000,116.733
Total Nacional. Índice general. Variación mensual. ,1764543600000,0.3
Total Nacional. Índice general. Variación mensual. ,1761951600000,0.2
Total Nacional. Índice general. Variación mensual. ,1759269600000,0.7
Total Nacional. Índice general. Variación mensual. ,1756677600000,-0.3
Total Nacional. Índice general. Variación mensual. ,1753999200000,0.0
Total Nacional. Índice general. Variación mensual. ,1751320800000,-0.1
Total Nacional. Índice general. Variación mensual. ,1748728800000,0.7
Total Nacional. Índice general. Variación mensual. ,1746050400000,0.1
Total Nacional. Índice general. Variación mensual. ,1743458400000,0.6
Total Nacional. Índice general. Variación mensual. ,1740783600000,0.1
Total Nacional. Índice general. Variación mensual. ,1738364400000,0.4
Total Nacional. Índice general. Variación mensual. ,1735686000000,0.2
Total Nacional. Índice general. Variación anual. ,1764543600000,2.9
Total Nacional. Índice general. Variación anual. ,1761951600000,3.0
Total Nacional. Índice general. Variación anual. ,1759269600000,3.1
Total Nacional. Índice general. Variación anual. ,1756677600000,3.0
Total Nacional. Índice general. Variación anual. ,1753999200000,2.7
Total Nacional. Índice general. Variación anual. ,1751320800000,2.7
Total Nacional. Índice general. Variación anual. ,1748728800000,2.3
Total Nacional. Índice general. Variación anual. ,1746050400000,2.0
Total Nacional. Índice general. Variación anual. ,1743458400000,2.2
Total Nacional. Índice general. Variación anual. ,1740783600000,2.3
Total Nacional. Índice general. Variación anual. ,1738364400000,3.0
Total Nacional. Índice general. Variación anual. ,1735686000000,2.9
Total Nacional. Índice general. Variación en lo que va de año. ,1764543600000,2.9
Total Nacional. Índice general. Variación en lo que va de año. ,1761951600000,2.6
Total Nacional. Índice general. Variación en lo que va de año. ,1759269600000,2.4
Total Nacional. Índice general. Variación en lo que va de año. ,1756677600000,1.7
Total Nacional. Índice general. Variación en lo que va de año. ,1753999200000,2.0
Total Nacional. Índice general. Variación en lo que va de año. ,1751320800000,1.9
Total Nacional. Índice general. Variación en lo que va de año. ,1748728800000,2.0
Total Nacional. Índice general. Variación en lo que va de año. ,1746050400000,1.3
Total Nacional. Índice general. Variación en lo que va de año. ,1743458400000,1.3
Total Nacional. Índice general. Variación en lo que va de año. ,1740783600000,0.6
Total Nacional. Índice general. Variación en lo que va de año. ,1738364400000,0.6
Total Nacional. Índice general. Variación en lo que va de año. ,1735686000000,0.2
Total Nacional. Alimentos y bebidas no alcohólicas. Índice. ,1764543600000,133.887
Total Nacional. Alimentos y bebidas no alcohólicas. Índice. ,1761951600000,133.626
Total Nacional. Alimentos y bebidas no alcohólicas. Índice. ,1759269600000,133.195
Total Nacional. Alimentos y bebidas no alcohólicas. Índice. ,1756677600000,131.323
Total Nacional. Alimentos y bebidas no alcohólicas. Índice. ,1753999200000,131.511
Total Nacional. Alimentos y bebidas no alcohólicas. Índice. ,1751320800000,132.529
Total Nacional. Alimentos y bebidas no alcohólicas. Índice. ,1748728800000,133.046
Total Nacional. Alimentos y bebidas no alcohólicas. Índice. ,1746050400000,132.583
Total Nacional. Alimentos y bebidas no alcohólicas. Índice. ,1743458400000,131.966
Total Nacional. Alimentos y bebidas no alcohólicas. Índice. ,1740783600000,131.535
Total Nacional. Alimentos y bebidas no alcohólicas. Índice. ,1738364400000,131.159
Total Nacional. Alimentos y bebidas no alcohólicas. Índice. ,1735686000000,130.732
Total Nacional. Alimentos y bebidas no alcohólicas. Variación mensual. ,1764543600000,0.2
Total Nacional. Alimentos y bebidas no alcohólicas. Variación mensual. ,1761951600000,0.3
Total Nacional. Alimentos y bebidas no alcohólicas. Variación mensual. ,1759269600000,1.4
Total Nacional. Alimentos y bebidas no alcohólicas. Variación mensual. ,1756677600000,-0.1
Total Nacional. Alimentos y bebidas no alcohólicas. Variación mensual. ,1753999200000,-0.8
Total Nacional. Alimentos y bebidas no alcohólicas. Variación mensual. ,1751320800000,-0.4
Total Nacional. Alimentos y bebidas no alcohólicas. Variación mensual. ,1748728800000,0.3
Total Nacional. Alimentos y bebidas no alcohólicas. Variación mensual. ,1746050400000,0.5
Total Nacional. Alimentos y bebidas no alcohólicas. Variación mensual. ,1743458400000,0.3
Total Nacional. Alimentos y bebidas no alcohólicas. Variación mensual. ,1740783600000,0.3
Total Nacional. Alimentos y bebidas no alcohólicas. Variación mensual. ,1738364400000,0.3
Total Nacional. Alimentos y bebidas no alcohólicas. Variación mensual. ,1735686000000,0.6
Total Nacional. Alimentos y bebidas no alcohólicas. Variación anual. ,1764543600000,3.0
Total Nacional. Alimentos y bebidas no alcohólicas. Variación anual. ,1761951600000,2.8
Total Nacional. Alimentos y bebidas no alcohólicas. Variación anual. ,1759269600000,2.4
Total Nacional. Alimentos y bebidas no alcohólicas. Variación anual. ,1756677600000,2.4
Total Nacional. Alimentos y bebidas no alcohólicas. Variación anual. ,1753999200000,2.3
Total Nacional. Alimentos y bebidas no alcohólicas. Variación anual. ,1751320800000,2.7
Total Nacional. Alimentos y bebidas no alcohólicas. Variación anual. ,1748728800000,2.8
Total Nacional. Alimentos y bebidas no alcohólicas. Variación anual. ,1746050400000,2.5
Total Nacional. Alimentos y bebidas no alcohólicas. Variación anual. ,1743458400000,2.0
Total Nacional. Alimentos y bebidas no alcohólicas. Variación anual. ,1740783600000,2.4
Total Nacional. Alimentos y bebidas no alcohólicas. Variación anual. ,1738364400000,2.2
Total Nacional. Alimentos y bebidas no alcohólicas. Variación anual. ,1735686000000,1.8
Total Nacional. Alimentos y bebidas no alcohólicas. Variación en lo que va de año. ,1764543600000,3.0
Total Nacional. Alimentos y bebidas no alcohólicas. Variación en lo que va de año. ,1761951600000,2.8
Total Nacional. Alimentos y bebidas no alcohólicas. Variación en lo que va de año. ,1759269600000,2.5
Total Nacional. Alimentos y bebidas no alcohólicas. Variación en lo que va de año. ,1756677600000,1.0
Total Nacional. Alimentos y bebidas no alcohólicas. Variación en lo que va de año. ,1753999200000,1.2
Total Nacional. Alimentos y bebidas no alcohólicas. Variación en lo que va de año. ,1751320800000,1.9
Total Nacional. Alimentos y bebidas no alcohólicas. Variación en lo que va de año. ,1748728800000,2.3
Total Nacional. Alimentos y bebidas no alcohólicas. Variación en lo que va de año. ,1746050400000,2.0
Total Nacional. Alimentos y bebidas no alcohólicas. Variación en lo que va de año. ,1743458400000,1.5
Total Nacional. Alimentos y bebidas no alcohólicas. Variación en lo que va de año. ,1740783600000,1.2
Total Nacional. Alimentos y bebidas no alcohólicas. Variación en lo que va de año. ,1738364400000,0.9
Total Nacional. Alimentos y bebidas no alcohólicas. Variación en lo que va de año. ,1735686000000,0.6
Total Nacional. Bebidas alcohólicas y tabaco. Índice. ,1764543600000,122.409
Total Nacional. Bebidas alcohólicas y tabaco. Índice. ,1761951600000,121.572
Total Nacional. Bebidas alcohólicas y tabaco. Índice. ,1759269600000,121.342
Total Nacional. Bebidas alcohólicas y tabaco. Índice. ,1756677600000,121.229
Total Nacional. Bebidas alcohólicas y tabaco. Índice. ,1753999200000,121.016
Total Nacional. Bebidas alcohólicas y tabaco. Índice. ,1751320800000,121.043
Total Nacional. Bebidas alcohólicas y tabaco. Índice. ,1748728800000,121.163
Total Nacional. Bebidas alcohólicas y tabaco. Índice. ,1746050400000,120.629
Total Nacional. Bebidas alcohólicas y tabaco. Índice. ,1743458400000,119.454
Total Nacional. Bebidas alcohólicas y tabaco. Índice. ,1740783600000,119.727
Total Nacional. Bebidas alcohólicas y tabaco. Índice. ,1738364400000,119.479
Total Nacional. Bebidas alcohólicas y tabaco. Índice. ,1735686000000,119.217
Total Nacional. Bebidas alcohólicas y tabaco. Variación mensual. ,1764543600000,0.7
Total Nacional. Bebidas alcohólicas y tabaco. Variación mensual. ,1761951600000,0.2
Total Nacional. Bebidas alcohólicas y tabaco. Variación mensual. ,1759269600000,0.1
Total Nacional. Bebidas alcohólicas y tabaco. Variación mensual. ,1756677600000,0.2
Total Nacional. Bebidas alcohólicas y tabaco. Variación mensual. ,1753999200000,0.0
Total Nacional. Bebidas alcohólicas y tabaco. Variación mensual. ,1751320800000,-0.1
Total Nacional. Bebidas alcohólicas y tabaco. Variación mensual. ,1748728800000,0.4
Total Nacional. Bebidas alcohólicas y tabaco. Variación mensual. ,1746050400000,1.0
Total Nacional. Bebidas alcohólicas y tabaco. Variación mensual. ,1743458400000,-0.2
Total Nacional. Bebidas alcohólicas y tabaco. Variación mensual. ,1740783600000,0.2
Total Nacional. Bebidas alcohólicas y tabaco. Variación mensual. ,1738364400000,0.2
Total Nacional. Bebidas alcohólicas y tabaco. Variación mensual. ,1735686000000,1.6
Total Nacional. Bebidas alcohólicas y tabaco. Variación anual. ,1764543600000,4.4
Total Nacional. Bebidas alcohólicas y tabaco. Variación anual. ,1761951600000,4.3
Total Nacional. Bebidas alcohólicas y tabaco. Variación anual. ,1759269600000,4.1
Total Nacional. Bebidas alcohólicas y tabaco. Variación anual. ,1756677600000,4.2
Total Nacional. Bebidas alcohólicas y tabaco. Variación anual. ,1753999200000,4.2
Total Nacional. Bebidas alcohólicas y tabaco. Variación anual. ,1751320800000,4.1
Total Nacional. Bebidas alcohólicas y tabaco. Variación anual. ,1748728800000,4.3
Total Nacional. Bebidas alcohólicas y tabaco. Variación anual. ,1746050400000,3.6
Total Nacional. Bebidas alcohólicas y tabaco. Variación anual. ,1743458400000,2.6
Total Nacional. Bebidas alcohólicas y tabaco. Variación anual. ,1740783600000,3.1
Total Nacional. Bebidas alcohólicas y tabaco. Variación anual. ,1738364400000,3.0
Total Nacional. Bebidas alcohólicas y tabaco. Variación anual. ,1735686000000,4.3
Total Nacional. Bebidas alcohólicas y tabaco. Variación en lo que va de año. ,1764543600000,4.4
Total Nacional. Bebidas alcohólicas y tabaco. Variación en lo que va de año. ,1761951600000,3.6
Total Nacional. Bebidas alcohólicas y tabaco. Variación en lo que va de año. ,1759269600000,3.4
Total Nacional. Bebidas alcohólicas y tabaco. Variación en lo que va de año. ,1756677600000,3.4
Total Nacional. Bebidas alcohólicas y tabaco. Variación en lo que va de año. ,1753999200000,3.2
Total Nacional. Bebidas alcohólicas y tabaco. Variación en lo que va de año. ,1751320800000,3.2
Total Nacional. Bebidas alcohólicas y tabaco. Variación en lo que va de año. ,1748728800000,3.3
Total Nacional. Bebidas alcohólicas y tabaco. Variación en lo que va de año. ,1746050400000,2.8
Total Nacional. Bebidas alcohólicas y tabaco. Variación en lo que va de año. ,1743458400000,1.8
Total Nacional. Bebidas alcohólicas y tabaco. Variación en lo que va de año. ,1740783600000,2.1
Total Nacional. Bebidas alcohólicas y tabaco. Variación en lo que va de año. ,1738364400000,1.9
Total Nacional. Bebidas alcohólicas y tabaco. Variación en lo que va de año. ,1735686000000,1.6
Total Nacional. Vestido y calzado. Índice. ,1764543600000,113.894
Total Nacional. Vestido y calzado. Índice. ,1761951600000,114.872
Total Nacional. Vestido y calzado. Índice. ,1759269600000,110.503
Total Nacional. Vestido y calzado. Índice. ,1756677600000,102.14
Total Nacional. Vestido y calzado. Índice. ,1753999200000,99.679
Total Nacional. Vestido y calzado. Índice. ,1751320800000,100.675
Total Nacional. Vestido y calzado. Índice. ,1748728800000,110.936
Total Nacional. Vestido y calzado. Índice. ,1746050400000,111.877
Total Nacional. Vestido y calzado. Índice. ,1743458400000,109.174
Total Nacional. Vestido y calzado. Índice. ,1740783600000,101.829
Total Nacional. Vestido y calzado. Índice. ,1738364400000,99.363
Total Nacional. Vestido y calzado. Índice. ,1735686000000,100.922
Total Nacional. Vestido y calzado. Variación mensual. ,1764543600000,-0.9
Total Nacional. Vestido y calzado. Variación mensual. ,1761951600000,4.0
Total Nacional. Vestido y calzado. Variación mensual. ,1759269600000,8.2
Total Nacional. Vestido y calzado. Variación mensual. ,1756677600000,2.5
Total Nacional. Vestido y calzado. Variación mensual. ,1753999200000,-1.0
Total Nacional. Vestido y calzado. Variación mensual. ,1751320800000,-9.2
Total Nacional. Vestido y calzado. Variación mensual. ,1748728800000,-0.8
Total Nacional. Vestido y calzado. Variación mensual. ,1746050400000,2.5
Total Nacional. Vestido y calzado. Variación mensual. ,1743458400000,7.2
Total Nacional. Vestido y calzado. Variación mensual. ,1740783600000,2.5
Total Nacional. Vestido y calzado. Variación mensual. ,1738364400000,-1.5
Total Nacional. Vestido y calzado. Variación mensual. ,1735686000000,-11.2
Total Nacional. Vestido y calzado. Variación anual. ,1764543600000,0.2
Total Nacional. Vestido y calzado. Variación anual. ,1761951600000,0.3
Total Nacional. Vestido y calzado. Variación anual. ,1759269600000,0.5
Total Nacional. Vestido y calzado. Variación anual. ,1756677600000,0.8
Total Nacional. Vestido y calzado. Variación anual. ,1753999200000,0.7
Total Nacional. Vestido y calzado. Variación anual. ,1751320800000,0.8
Total Nacional. Vestido y calzado. Variación anual. ,1748728800000,0.5
Total Nacional. Vestido y calzado. Variación anual. ,1746050400000,0.5
Total Nacional. Vestido y calzado. Variación anual. ,1743458400000,0.3
Total Nacional. Vestido y calzado. Variación anual. ,1740783600000,0.2
Total Nacional. Vestido y calzado. Variación anual. ,1738364400000,0.1
Total Nacional. Vestido y calzado. Variación anual. ,1735686000000,-0.1
Total Nacional. Vestido y calzado. Variación en lo que va de año. ,1764543600000,0.2
Total Nacional. Vestido y calzado. Variación en lo que va de año. ,1761951600000,1.1
Total Nacional. Vestido y calzado. Variación en lo que va de año. ,1759269600000,-2.8
Total Nacional. Vestido y calzado. Variación en lo que va de año. ,1756677600000,-10.1
Total Nacional. Vestido y calzado. Variación en lo que va de año. ,1753999200000,-12.3
Total Nacional. Vestido y calzado. Variación en lo que va de año. ,1751320800000,-11.4
Total Nacional. Vestido y calzado. Variación en lo que va de año. ,1748728800000,-2.4
Total Nacional. Vestido y calzado. Variación en lo que va de año. ,1746050400000,-1.6
Total Nacional. Vestido y calzado. Variación en lo que va de año. ,1743458400000,-3.9
Total Nacional. Vestido y calzado. Variación en lo que va de año. ,1740783600000,-10.4
Total Nacional. Vestido y calzado. Variación en lo que va de año. ,1738364400000,-12.6
Total Nacional. Vestido y calzado. Variación en lo que va de año. ,1735686000000,-11.2
"Total Nacional. Vivienda, agua, electricidad, gas y otros combustibles. Índice. ",1764543600000,115.098
"Total Nacional. Vivienda, agua, electricidad, gas y otros combustibles. Índice. ",1761951600000,114.444
"Total Nacional. Vivienda, agua, electricidad, gas y otros combustibles. Índice. ",1759269600000,114.65
"Total Nacional. Vivienda, agua, electricidad, gas y otros combustibles. Índice. ",1756677600000,113.575
"Total Nacional. Vivienda, agua, electricidad, gas y otros combustibles. Índice. ",1753999200000,113.134
"Total Nacional. Vivienda, agua, electricidad, gas y otros combustibles. Índice. ",1751320800000,113.161
"Total Nacional. Vivienda, agua, electricidad, gas y otros combustibles. Índice. ",1748728800000,112.551
"Total Nacional. Vivienda, agua, electricidad, gas y otros combustibles. Índice. ",1746050400000,111.216
"Total Nacional. Vivienda, agua, electricidad, gas y otros combustibles. Índice. ",1743458400000,110.786
"Total Nacional. Vivienda, agua, electricidad, gas y otros combustibles. Índice. ",1740783600000,111.805
"Total Nacional. Vivienda, agua, electricidad, gas y otros combustibles. Índice. ",1738364400000,113.596
"Total Nacional. Vivienda, agua, electricidad, gas y otros combustibles. Índice. ",1735686000000,113.047
"Total Nacional. Vivienda, agua, electricidad, gas y otros combustibles. Variación mensual. ",1764543600000,0.6
"Total Nacional. Vivienda, agua, electricidad, gas y otros combustibles. Variación mensual. ",1761951600000,-0.2
"Total Nacional. Vivienda, agua, electricidad, gas y otros combustibles. Variación mensual. ",1759269600000,0.9
"Total Nacional. Vivienda, agua, electricidad, gas y otros combustibles. Variación mensual. ",1756677600000,0.4
"Total Nacional. Vivienda, agua, electricidad, gas y otros combustibles. Variación mensual. ",1753999200000,0.0
"Total Nacional. Vivienda, agua, electricidad, gas y otros combustibles. Variación mensual. ",1751320800000,0.5
"Total Nacional. Vivienda, agua, electricidad, gas y otros combustibles. Variación mensual. ",1748728800000,1.2
"Total Nacional. Vivienda, agua, electricidad, gas y otros combustibles. Variación mensual. ",1746050400000,0.4
"Total Nacional. Vivienda, agua, electricidad, gas y otros combustibles. Variación mensual. ",1743458400000,-0.9
"Total Nacional. Vivienda, agua, electricidad, gas y otros combustibles. Variación mensual. ",1740783600000,-1.6
"Total Nacional. Vivienda, agua, electricidad, gas y otros combustibles. Variación mensual. ",1738364400000,0.5
"Total Nacional. Vivienda, agua, electricidad, gas y otros combustibles. Variación mensual. ",1735686000000,3.8
"Total Nacional. Vivienda, agua, electricidad, gas y otros combustibles. Variación anual. ",1764543600000,5.7
"Total Nacional. Vivienda, agua, electricidad, gas y otros combustibles. Variación anual. ",1761951600000,5.7
"Total Nacional. Vivienda, agua, electricidad, gas y otros combustibles. Variación anual. ",1759269600000,7.5
"Total Nacional. Vivienda, agua, electricidad, gas y otros combustibles. Variación anual. ",1756677600000,7.1
"Total Nacional. Vivienda, agua, electricidad, gas y otros combustibles. Variación anual. ",1753999200000,6.0
"Total Nacional. Vivienda, agua, electricidad, gas y otros combustibles. Variación anual. ",1751320800000,6.7
"Total Nacional. Vivienda, agua, electricidad, gas y otros combustibles. Variación anual. ",1748728800000,4.2
"Total Nacional. Vivienda, agua, electricidad, gas y otros combustibles. Variación anual. ",1746050400000,3.8
"Total Nacional. Vivienda, agua, electricidad, gas y otros combustibles. Variación anual. ",1743458400000,4.2
"Total Nacional. Vivienda, agua, electricidad, gas y otros combustibles. Variación anual. ",1740783600000,5.7
"Total Nacional. Vivienda, agua, electricidad, gas y otros combustibles. Variación anual. ",1738364400000,9.8
"Total Nacional. Vivienda, agua, electricidad, gas y otros combustibles. Variación anual. ",1735686000000,7.9
"Total Nacional. Vivienda, agua, electricidad, gas y otros combustibles. Variación en lo que va de año. ",1764543600000,5.7
"Total Nacional. Vivienda, agua, electricidad, gas y otros combustibles. Variación en lo que va de año. ",1761951600000,5.1
"Total Nacional. Vivienda, agua, electricidad, gas y otros combustibles. Variación en lo que va de año. ",1759269600000,5.3
"Total Nacional. Vivienda, agua, electricidad, gas y otros combustibles. Variación en lo que va de año. ",1756677600000,4.3
"Total Nacional. Vivienda, agua, electricidad, gas y otros combustibles. Variación en lo que va de año. ",1753999200000,3.9
"Total Nacional. Vivienda, agua, electricidad, gas y otros combustibles. Variación en lo que va de año. ",1751320800000,3.9
"Total Nacional. Vivienda, agua, electricidad, gas y otros combustibles. Variación en lo que va de año. ",1748728800000,3.3
"Total Nacional. Vivienda, agua, electricidad, gas y otros combustibles. Variación en lo que va de año. ",1746050400000,2.1
"Total Nacional. Vivienda, agua, electricidad, gas y otros combustibles. Variación en lo que va de año. ",1743458400000,1.7
"Total Nacional. Vivienda, agua, electricidad, gas y otros combustibles. Variación en lo que va de año. ",1740783600000,2.6
"Total Nacional. Vivienda, agua, electricidad, gas y otros combustibles. Variación en lo que va de año. ",1738364400000,4.3
"Total Nacional. Vivienda, agua, electricidad, gas y otros combustibles. Variación en lo que va de año. ",1735686000000,3.8
"Total Nacional. Muebles, artículos del hogar y artículos para el mantenimiento corriente del hogar. Índice. ",1764543600000,113.874
"Total Nacional. Muebles, artículos del hogar y artículos para el mantenimiento corriente del hogar. Índice. ",1761951600000,113.995
"Total Nacional. Muebles, artículos del hogar y artículos para el mantenimiento corriente del hogar. Índice. ",1759269600000,113.704
"Total Nacional. Muebles, artículos del hogar y artículos para el mantenimiento corriente del hogar. Índice. ",1756677600000,113.304
"Total Nacional. Muebles, artículos del hogar y artículos para el mantenimiento corriente del hogar. Índice. ",1753999200000,113.169
"Total Nacional. Muebles, artículos del hogar y artículos para el mantenimiento corriente del hogar. Índice. ",1751320800000,113.164
"Total Nacional. Muebles, artículos del hogar y artículos para el mantenimiento corriente del hogar. Índice. ",1748728800000,113.644
"Total Nacional. Muebles, artículos del hogar y artículos para el mantenimiento corriente del hogar. Índice. ",1746050400000,113.523
"Total Nacional. Muebles, artículos del hogar y artículos para el mantenimiento corriente del hogar. Índice. ",1743458400000,113.255
"Total Nacional. Muebles, artículos del hogar y artículos para el mantenimiento corriente del hogar. Índice. ",1740783600000,113.014
"Total Nacional. Muebles, artículos del hogar y artículos para el mantenimiento corriente del hogar. Índice. ",1738364400000,112.7
"Total Nacional. Muebles, artículos del hogar y artículos para el mantenimiento corriente del hogar. Índice. ",1735686000000,112.638
"Total Nacional. Muebles, artículos del hogar y artículos para el mantenimiento corriente del hogar. Variación mensual. ",1764543600000,-0.1
"Total Nacional. Muebles, artículos del hogar y artículos para el mantenimiento corriente del hogar. Variación mensual. ",1761951600000,0.3
"Total Nacional. Muebles, artículos del hogar y artículos para el mantenimiento corriente del hogar. Variación mensual. ",1759269600000,0.4
"Total Nacional. Muebles, artículos del hogar y artículos para el mantenimiento corriente del hogar. Variación mensual. ",1756677600000,0.1
"Total Nacional. Muebles, artículos del hogar y artículos para el mantenimiento corriente del hogar. Variación mensual. ",1753999200000,0.0
"Total Nacional. Muebles, artículos del hogar y artículos para el mantenimiento corriente del hogar. Variación mensual. ",1751320800000,-0.4
"Total Nacional. Muebles, artículos del hogar y artículos para el mantenimiento corriente del hogar. Variación mensual. ",1748728800000,0.1
"Total Nacional. Muebles, artículos del hogar y artículos para el mantenimiento corriente del hogar. Variación mensual. ",1746050400000,0.2
"Total Nacional. Muebles, artículos del hogar y artículos para el mantenimiento corriente del hogar. Variación mensual. ",1743458400000,0.2
"Total Nacional. Muebles, artículos del hogar y artículos para el mantenimiento corriente del hogar. Variación mensual. ",1740783600000,0.3
"Total Nacional. Muebles, artículos del hogar y artículos para el mantenimiento corriente del hogar. Variación mensual. ",1738364400000,0.1
"Total Nacional. Muebles, artículos del hogar y artículos para el mantenimiento corriente del hogar. Variación mensual. ",1735686000000,-0.4
"Total Nacional. Muebles, artículos del hogar y artículos para el mantenimiento corriente del hogar. Variación anual. ",1764543600000,0.7
"Total Nacional. Muebles, artículos del hogar y artículos para el mantenimiento corriente del hogar. Variación anual. ",1761951600000,1.0
"Total Nacional. Muebles, artículos del hogar y artículos para el mantenimiento corriente del hogar. Variación anual. ",1759269600000,0.9
"Total Nacional. Muebles, artículos del hogar y artículos para el mantenimiento corriente del hogar. Variación anual. ",1756677600000,0.8
"Total Nacional. Muebles, artículos del hogar y artículos para el mantenimiento corriente del hogar. Variación anual. ",1753999200000,0.8
"Total Nacional. Muebles, artículos del hogar y artículos para el mantenimiento corriente del hogar. Variación anual. ",1751320800000,0.9
"Total Nacional. Muebles, artículos del hogar y artículos para el mantenimiento corriente del hogar. Variación anual. ",1748728800000,0.7
"Total Nacional. Muebles, artículos del hogar y artículos para el mantenimiento corriente del hogar. Variación anual. ",1746050400000,0.6
"Total Nacional. Muebles, artículos del hogar y artículos para el mantenimiento corriente del hogar. Variación anual. ",1743458400000,0.5
"Total Nacional. Muebles, artículos del hogar y artículos para el mantenimiento corriente del hogar. Variación anual. ",1740783600000,0.6
"Total Nacional. Muebles, artículos del hogar y artículos para el mantenimiento corriente del hogar. Variación anual. ",1738364400000,0.5
"Total Nacional. Muebles, artículos del hogar y artículos para el mantenimiento corriente del hogar. Variación anual. ",1735686000000,0.6
"Total Nacional. Muebles, artículos del hogar y artículos para el mantenimiento corriente del hogar. Variación en lo que va de año. ",1764543600000,0.7
"Total Nacional. Muebles, artículos del hogar y artículos para el mantenimiento corriente del hogar. Variación en lo que va de año. ",1761951600000,0.8
"Total Nacional. Muebles, artículos del hogar y artículos para el mantenimiento corriente del hogar. Variación en lo que va de año. ",1759269600000,0.6
"Total Nacional. Muebles, artículos del hogar y artículos para el mantenimiento corriente del hogar. Variación en lo que va de año. ",1756677600000,0.2
"Total Nacional. Muebles, artículos del hogar y artículos para el mantenimiento corriente del hogar. Variación en lo que va de año. ",1753999200000,0.1
"Total Nacional. Muebles, artículos del hogar y artículos para el mantenimiento corriente del hogar. Variación en lo que va de año. ",1751320800000,0.1
"Total Nacional. Muebles, artículos del hogar y artículos para el mantenimiento corriente del hogar. Variación en lo que va de año. ",1748728800000,0.5
"Total Nacional. Muebles, artículos del hogar y artículos para el mantenimiento corriente del hogar. Variación en lo que va de año. ",1746050400000,0.4
"Total Nacional. Muebles, artículos del hogar y artículos para el mantenimiento corriente del hogar. Variación en lo que va de año. ",1743458400000,0.2
"Total Nacional. Muebles, artículos del hogar y artículos para el mantenimiento corriente del hogar. Variación en lo que va de año. ",1740783600000,0.0
"Total Nacional. Muebles, artículos del hogar y artículos para el mantenimiento corriente del hogar. Variación en lo que va de año. ",1738364400000,-0.3
"Total Nacional. Muebles, artículos del hogar y artículos para el mantenimiento corriente del hogar. Variación en lo que va de año. ",1735686000000,-0.4
Total Nacional. Sanidad. Índice. ,1764543600000,108.075
Total Nacional. Sanidad. Índice. ,1761951600000,107.9
Total Nacional. Sanidad. Índice. ,1759269600000,107.786
Total Nacional. Sanidad. Índice. ,1756677600000,107.615
Total Nacional. Sanidad. Índice. ,1753999200000,107.515
Total Nacional. Sanidad. Índice. ,1751320800000,107.507
Total Nacional. Sanidad. Índice. ,1748728800000,107.368
Total Nacional. Sanidad. Índice. ,1746050400000,107.19
Total Nacional. Sanidad. Índice. ,1743458400000,107.044
Total Nacional. Sanidad. Índice. ,1740783600000,106.634
Total Nacional. Sanidad. Índice. ,1738364400000,106.247
Total Nacional. Sanidad. Índice. ,1735686000000,106.028
Total Nacional. Sanidad. Variación mensual. ,1764543600000,0.2
Total Nacional. Sanidad. Variación mensual. ,1761951600000,0.1
Total Nacional. Sanidad. Variación mensual. ,1759269600000,0.2
Total Nacional. Sanidad. Variación mensual. ,1756677600000,0.1
Total Nacional. Sanidad. Variación mensual. ,1753999200000,0.0
Total Nacional. Sanidad. Variación mensual. ,1751320800000,0.1
Total Nacional. Sanidad. Variación mensual. ,1748728800000,0.2
Total Nacional. Sanidad. Variación mensual. ,1746050400000,0.1
Total Nacional. Sanidad. Variación mensual. ,1743458400000,0.4
Total Nacional. Sanidad. Variación mensual. ,1740783600000,0.4
Total Nacional. Sanidad. Variación mensual. ,1738364400000,0.2
Total Nacional. Sanidad. Variación mensual. ,1735686000000,0.3
Total Nacional. Sanidad. Variación anual. ,1764543600000,2.3
Total Nacional. Sanidad. Variación anual. ,1761951600000,2.2
Total Nacional. Sanidad. Variación anual. ,1759269600000,2.2
Total Nacional. Sanidad. Variación anual. ,1756677600000,2.0
Total Nacional. Sanidad. Variación anual. ,1753999200000,2.0
Total Nacional. Sanidad. Variación anual. ,1751320800000,2.0
Total Nacional. Sanidad. Variación anual. ,1748728800000,2.1
Total Nacional. Sanidad. Variación anual. ,1746050400000,1.9
Total Nacional. Sanidad. Variación anual. ,1743458400000,2.0
Total Nacional. Sanidad. Variación anual. ,1740783600000,1.9
Total Nacional. Sanidad. Variación anual. ,1738364400000,1.9
Total Nacional. Sanidad. Variación anual. ,1735686000000,2.0
Total Nacional. Sanidad. Variación en lo que va de año. ,1764543600000,2.3
Total Nacional. Sanidad. Variación en lo que va de año. ,1761951600000,2.1
Total Nacional. Sanidad. Variación en lo que va de año. ,1759269600000,2.0
Total Nacional. Sanidad. Variación en lo que va de año. ,1756677600000,1.8
Total Nacional. Sanidad. Variación en lo que va de año. ,1753999200000,1.7
Total Nacional. Sanidad. Variación en lo que va de año. ,1751320800000,1.7
Total Nacional. Sanidad. Variación en lo que va de año. ,1748728800000,1.6
Total Nacional. Sanidad. Variación en lo que va de año. ,1746050400000,1.4
Total Nacional. Sanidad. Variación en lo que va de año. ,1743458400000,1.3
Total Nacional. Sanidad. Variación en lo que va de año. ,1740783600000,0.9
Total Nacional. Sanidad. Variación en lo que va de año. ,1738364400000,0.5
Total Nacional. Sanidad. Variación en lo que va de año. ,1735686000000,0.3
Total Nacional. Transporte. Índice. ,1764543600000,113.883
Total Nacional. Transporte. Índice. ,1761951600000,114.016
Total Nacional. Transporte. Índice. ,1759269600000,113.453
Total Nacional. Transporte. Índice. ,1756677600000,113.11
Total Nacional. Transporte. Índice. ,1753999200000,113.944
Total Nacional. Transporte. Índice. ,1751320800000,113.721
Total Nacional. Transporte. Índice. ,1748728800000,112.302
Total Nacional. Transporte. Índice. ,1746050400000,111.324
Total Nacional. Transporte. Índice. ,1743458400000,112.476
Total Nacional. Transporte. Índice. ,1740783600000,112.65
Total Nacional. Transporte. Índice. ,1738364400000,113.394
Total Nacional. Transporte. Índice. ,1735686000000,112.727
Total Nacional. Transporte. Variación mensual. ,1764543600000,-0.1
Total Nacional. Transporte. Variación mensual. ,1761951600000,0.5
Total Nacional. Transporte. Variación mensual. ,1759269600000,0.3
Total Nacional. Transporte. Variación mensual. ,1756677600000,-0.7
Total Nacional. Transporte. Variación mensual. ,1753999200000,0.2
Total Nacional. Transporte. Variación mensual. ,1751320800000,1.3
Total Nacional. Transporte. Variación mensual. ,1748728800000,0.9
Total Nacional. Transporte. Variación mensual. ,1746050400000,-1.0
Total Nacional. Transporte. Variación mensual. ,1743458400000,-0.2
Total Nacional. Transporte. Variación mensual. ,1740783600000,-0.7
Total Nacional. Transporte. Variación mensual. ,1738364400000,0.6
Total Nacional. Transporte. Variación mensual. ,1735686000000,0.8
Total Nacional. Transporte. Variación anual. ,1764543600000,1.8
Total Nacional. Transporte. Variación anual. ,1761951600000,2.3
Total Nacional. Transporte. Variación anual. ,1759269600000,2.4
Total Nacional. Transporte. Variación anual. ,1756677600000,2.2
Total Nacional. Transporte. Variación anual. ,1753999200000,1.2
Total Nacional. Transporte. Variación anual. ,1751320800000,0.2
Total Nacional. Transporte. Variación anual. ,1748728800000,-0.8
Total Nacional. Transporte. Variación anual. ,1746050400000,-2.0
Total Nacional. Transporte. Variación anual. ,1743458400000,-1.6
Total Nacional. Transporte. Variación anual. ,1740783600000,-0.9
Total Nacional. Transporte. Variación anual. ,1738364400000,0.3
Total Nacional. Transporte. Variación anual. ,1735686000000,1.3
Total Nacional. Transporte. Variación en lo que va de año. ,1764543600000,1.8
Total Nacional. Transporte. Variación en lo que va de año. ,1761951600000,1.9
Total Nacional. Transporte. Variación en lo que va de año. ,1759269600000,1.4
Total Nacional. Transporte. Variación en lo que va de año. ,1756677600000,1.1
Total Nacional. Transporte. Variación en lo que va de año. ,1753999200000,1.9
Total Nacional. Transporte. Variación en lo que va de año. ,1751320800000,1.7
Total Nacional. Transporte. Variación en lo que va de año. ,1748728800000,0.4
Total Nacional. Transporte. Variación en lo que va de año. ,1746050400000,-0.5
Total Nacional. Transporte. Variación en lo que va de año. ,1743458400000,0.6
Total Nacional. Transporte. Variación en lo que va de año. ,1740783600000,0.7
Total Nacional. Transporte. Variación en lo que va de año. ,1738364400000,1.4
Total Nacional. Transporte. Variación en lo que va de año. ,1735686000000,0.8
Total Nacional. Comunicaciones. Índice. ,1764543600000,102.335
Total Nacional. Comunicaciones. Índice. ,1761951600000,102.491
Total Nacional. Comunicaciones. Índice. ,1759269600000,102.628
Total Nacional. Comunicaciones. Índice. ,1756677600000,102.624
Total Nacional. Comunicaciones. Índice. ,1753999200000,102.691
Total Nacional. Comunicaciones. Índice. ,1751320800000,102.587
Total Nacional. Comunicaciones. Índice. ,1748728800000,104.447
Total Nacional. Comunicaciones. Índice. ,1746050400000,104.431
Total Nacional. Comunicaciones. Índice. ,1743458400000,104.608
Total Nacional. Comunicaciones. Índice. ,1740783600000,104.414
Total Nacional. Comunicaciones. Índice. ,1738364400000,104.479
Total Nacional. Comunicaciones. Índice. ,1735686000000,103.782
Total Nacional. Comunicaciones. Variación mensual. ,1764543600000,-0.2
Total Nacional. Comunicaciones. Variación mensual. ,1761951600000,-0.1
Total Nacional. Comunicaciones. Variación mensual. ,1759269600000,0.0
Total Nacional. Comunicaciones. Variación mensual. ,1756677600000,-0.1
Total Nacional. Comunicaciones. Variación mensual. ,1753999200000,0.1
Total Nacional. Comunicaciones. Variación mensual. ,1751320800000,-1.8
Total Nacional. Comunicaciones. Variación mensual. ,1748728800000,0.0
Total Nacional. Comunicaciones. Variación mensual. ,1746050400000,-0.2
Total Nacional. Comunicaciones. Variación mensual. ,1743458400000,0.2
Total Nacional. Comunicaciones. Variación mensual. ,1740783600000,-0.1
Total Nacional. Comunicaciones. Variación mensual. ,1738364400000,0.7
Total Nacional. Comunicaciones. Variación mensual. ,1735686000000,3.0
Total Nacional. Comunicaciones. Variación anual. ,1764543600000,1.5
Total Nacional. Comunicaciones. Variación anual. ,1761951600000,1.7
Total Nacional. Comunicaciones. Variación anual. ,1759269600000,1.8
Total Nacional. Comunicaciones. Variación anual. ,1756677600000,0.9
Total Nacional. Comunicaciones. Variación anual. ,1753999200000,0.8
Total Nacional. Comunicaciones. Variación anual. ,1751320800000,0.6
Total Nacional. Comunicaciones. Variación anual. ,1748728800000,2.0
Total Nacional. Comunicaciones. Variación anual. ,1746050400000,2.0
Total Nacional. Comunicaciones. Variación anual. ,1743458400000,2.1
Total Nacional. Comunicaciones. Variación anual. ,1740783600000,2.0
Total Nacional. Comunicaciones. Variación anual. ,1738364400000,2.0
Total Nacional. Comunicaciones. Variación anual. ,1735686000000,1.2
Total Nacional. Comunicaciones. Variación en lo que va de año. ,1764543600000,1.5
Total Nacional. Comunicaciones. Variación en lo que va de año. ,1761951600000,1.7
Total Nacional. Comunicaciones. Variación en lo que va de año. ,1759269600000,1.8
Total Nacional. Comunicaciones. Variación en lo que va de año. ,1756677600000,1.8
Total Nacional. Comunicaciones. Variación en lo que va de año. ,1753999200000,1.9
Total Nacional. Comunicaciones. Variación en lo que va de año. ,1751320800000,1.8
Total Nacional. Comunicaciones. Variación en lo que va de año. ,1748728800000,3.6
Total Nacional. Comunicaciones. Variación en lo que va de año. ,1746050400000,3.6
Total Nacional. Comunicaciones. Variación en lo que va de año. ,1743458400000,3.8
Total Nacional. Comunicaciones. Variación en lo que va de año. ,1740783600000,3.6
Total Nacional. Comunicaciones. Variación en lo que va de año. ,1738364400000,3.7
Total Nacional. Comunicaciones. Variación en lo que va de año. ,1735686000000,3.0
Total Nacional. Ocio y cultura. Índice. ,1764543600000,112.384
Total Nacional. Ocio y cultura. Índice. ,1761951600000,109.319
Total Nacional. Ocio y cultura. Índice. ,1759269600000,109.773
Total Nacional. Ocio y cultura. Índice. ,1756677600000,110.657
Total Nacional. Ocio y cultura. Índice. ,1753999200000,115.551
Total Nacional. Ocio y cultura. Índice. ,1751320800000,113.844
Total Nacional. Ocio y cultura. Índice. ,1748728800000,111.958
Total Nacional. Ocio y cultura. Índice. ,1746050400000,109.503
Total Nacional. Ocio y cultura. Índice. ,1743458400000,111.567
Total Nacional. Ocio y cultura. Índice. ,1740783600000,108.752
Total Nacional. Ocio y cultura. Índice. ,1738364400000,108.691
Total Nacional. Ocio y cultura. Índice. ,1735686000000,108.138
Total Nacional. Ocio y cultura. Variación mensual. ,1764543600000,2.8
Total Nacional. Ocio y cultura. Variación mensual. ,1761951600000,-0.4
Total Nacional. Ocio y cultura. Variación mensual. ,1759269600000,-0.8
Total Nacional. Ocio y cultura. Variación mensual. ,1756677600000,-4.2
Total Nacional. Ocio y cultura. Variación mensual. ,1753999200000,1.5
Total Nacional. Ocio y cultura. Variación mensual. ,1751320800000,1.7
Total Nacional. Ocio y cultura. Variación mensual. ,1748728800000,2.2
Total Nacional. Ocio y cultura. Variación mensual. ,1746050400000,-1.9
Total Nacional. Ocio y cultura. Variación mensual. ,1743458400000,2.6
Total Nacional. Ocio y cultura. Variación mensual. ,1740783600000,0.1
Total Nacional. Ocio y cultura. Variación mensual. ,1738364400000,0.5
Total Nacional. Ocio y cultura. Variación mensual. ,1735686000000,-3.3
Total Nacional. Ocio y cultura. Variación anual. ,1764543600000,0.5
Total Nacional. Ocio y cultura. Variación anual. ,1761951600000,1.2
Total Nacional. Ocio y cultura. Variación anual. ,1759269600000,0.1
Total Nacional. Ocio y cultura. Variación anual. ,1756677600000,0.6
Total Nacional. Ocio y cultura. Variación anual. ,1753999200000,0.7
Total Nacional. Ocio y cultura. Variación anual. ,1751320800000,0.6
Total Nacional. Ocio y cultura. Variación anual. ,1748728800000,0.5
Total Nacional. Ocio y cultura. Variación anual. ,1746050400000,0.5
Total Nacional. Ocio y cultura. Variación anual. ,1743458400000,2.7
Total Nacional. Ocio y cultura. Variación anual. ,1740783600000,-0.3
Total Nacional. Ocio y cultura. Variación anual. ,1738364400000,1.4
Total Nacional. Ocio y cultura. Variación anual. ,1735686000000,1.9
Total Nacional. Ocio y cultura. Variación en lo que va de año. ,1764543600000,0.5
Total Nacional. Ocio y cultura. Variación en lo que va de año. ,1761951600000,-2.2
Total Nacional. Ocio y cultura. Variación en lo que va de año. ,1759269600000,-1.8
Total Nacional. Ocio y cultura. Variación en lo que va de año. ,1756677600000,-1.0
Total Nacional. Ocio y cultura. Variación en lo que va de año. ,1753999200000,3.4
Total Nacional. Ocio y cultura. Variación en lo que va de año. ,1751320800000,1.8
Total Nacional. Ocio y cultura. Variación en lo que va de año. ,1748728800000,0.1
Total Nacional. Ocio y cultura. Variación en lo que va de año. ,1746050400000,-2.0
Total Nacional. Ocio y cultura. Variación en lo que va de año. ,1743458400000,-0.2
Total Nacional. Ocio y cultura. Variación en lo que va de año. ,1740783600000,-2.7
Total Nacional. Ocio y cultura. Variación en lo que va de año. ,1738364400000,-2.8
Total Nacional. Ocio y cultura. Variación en lo que va de año. ,1735686000000,-3.3
Total Nacional. Enseñanza. Índice. ,1764543600000,110.694
Total Nacional. Enseñanza. Índice. ,1761951600000,110.657
Total Nacional. Enseñanza. Índice. ,1759269600000,110.39
Total Nacional. Enseñanza. Índice. ,1756677600000,109.648
Total Nacional. Enseñanza. Índice. ,1753999200000,108.099
Total Nacional. Enseñanza. Índice. ,1751320800000,108.07
Total Nacional. Enseñanza. Índice. ,1748728800000,108.014
Total Nacional. Enseñanza. Índice. ,1746050400000,108.018
Total Nacional. Enseñanza. Índice. ,1743458400000,107.985
Total Nacional. Enseñanza. Índice. ,1740783600000,107.971
Total Nacional. Enseñanza. Índice. ,1738364400000,107.943
Total Nacional. Enseñanza. Índice. ,1735686000000,107.894
Total Nacional. Enseñanza. Variación mensual. ,1764543600000,0.0
Total Nacional. Enseñanza. Variación mensual. ,1761951600000,0.2
Total Nacional. Enseñanza. Variación mensual. ,1759269600000,0.7
Total Nacional. Enseñanza. Variación mensual. ,1756677600000,1.4
Total Nacional. Enseñanza. Variación mensual. ,1753999200000,0.0
Total Nacional. Enseñanza. Variación mensual. ,1751320800000,0.1
Total Nacional. Enseñanza. Variación mensual. ,1748728800000,0.0
Total Nacional. Enseñanza. Variación mensual. ,1746050400000,0.0
Total Nacional. Enseñanza. Variación mensual. ,1743458400000,0.0
Total Nacional. Enseñanza. Variación mensual. ,1740783600000,0.0
Total Nacional. Enseñanza. Variación mensual. ,1738364400000,0.0
Total Nacional. Enseñanza. Variación mensual. ,1735686000000,0.0
Total Nacional. Enseñanza. Variación anual. ,1764543600000,2.6
Total Nacional. Enseñanza. Variación anual. ,1761951600000,2.6
Total Nacional. Enseñanza. Variación anual. ,1759269600000,2.5
Total Nacional. Enseñanza. Variación anual. ,1756677600000,2.8
Total Nacional. Enseñanza. Variación anual. ,1753999200000,2.6
Total Nacional. Enseñanza. Variación anual. ,1751320800000,2.5
Total Nacional. Enseñanza. Variación anual. ,1748728800000,2.5
Total Nacional. Enseñanza. Variación anual. ,1746050400000,2.5
Total Nacional. Enseñanza. Variación anual. ,1743458400000,2.5
Total Nacional. Enseñanza. Variación anual. ,1740783600000,2.5
Total Nacional. Enseñanza. Variación anual. ,1738364400000,2.5
Total Nacional. Enseñanza. Variación anual. ,1735686000000,2.5
Total Nacional. Enseñanza. Variación en lo que va de año. ,1764543600000,2.6
Total Nacional. Enseñanza. Variación en lo que va de año. ,1761951600000,2.6
Total Nacional. Enseñanza. Variación en lo que va de año. ,1759269600000,2.3
Total Nacional. Enseñanza. Variación en lo que va de año. ,1756677600000,1.6
Total Nacional. Enseñanza. Variación en lo que va de año. ,1753999200000,0.2
Total Nacional. Enseñanza. Variación en lo que va de año. ,1751320800000,0.2
Total Nacional. Enseñanza. Variación en lo que va de año. ,1748728800000,0.1
Total Nacional. Enseñanza. Variación en lo que va de año. ,1746050400000,0.1
Total Nacional. Enseñanza. Variación en lo que va de año. ,1743458400000,0.1
Total Nacional. Enseñanza. Variación en lo que va de año. ,1740783600000,0.1
Total Nacional. Enseñanza. Variación en lo que va de año. ,1738364400000,0.1
Total Nacional. Enseñanza. Variación en lo que va de año. ,1735686000000,0.0
Total Nacional. Restaurantes y hoteles. Índice. ,1764543600000,125.643
Total Nacional. Restaurantes y hoteles. Índice. ,1761951600000,125.45
Total Nacional. Restaurantes y hoteles. Índice. ,1759269600000,126.092
Total Nacional. Restaurantes y hoteles. Índice. ,1756677600000,126.244
Total Nacional. Restaurantes y hoteles. Índice. ,1753999200000,125.93
Total Nacional. Restaurantes y hoteles. Índice. ,1751320800000,125.544
Total Nacional. Restaurantes y hoteles. Índice. ,1748728800000,125.059
Total Nacional. Restaurantes y hoteles. Índice. ,1746050400000,124.401
Total Nacional. Restaurantes y hoteles. Índice. ,1743458400000,123.753
Total Nacional. Restaurantes y hoteles. Índice. ,1740783600000,122.246
Total Nacional. Restaurantes y hoteles. Índice. ,1738364400000,121.112
Total Nacional. Restaurantes y hoteles. Índice. ,1735686000000,120.236
Total Nacional. Restaurantes y hoteles. Variación mensual. ,1764543600000,0.2
Total Nacional. Restaurantes y hoteles. Variación mensual. ,1761951600000,-0.5
Total Nacional. Restaurantes y hoteles. Variación mensual. ,1759269600000,-0.1
Total Nacional. Restaurantes y hoteles. Variación mensual. ,1756677600000,0.2
Total Nacional. Restaurantes y hoteles. Variación mensual. ,1753999200000,0.3
Total Nacional. Restaurantes y hoteles. Variación mensual. ,1751320800000,0.4
Total Nacional. Restaurantes y hoteles. Variación mensual. ,1748728800000,0.5
Total Nacional. Restaurantes y hoteles. Variación mensual. ,1746050400000,0.5
Total Nacional. Restaurantes y hoteles. Variación mensual. ,1743458400000,1.2
Total Nacional. Restaurantes y hoteles. Variación mensual. ,1740783600000,0.9
Total Nacional. Restaurantes y hoteles. Variación mensual. ,1738364400000,0.7
Total Nacional. Restaurantes y hoteles. Variación mensual. ,1735686000000,0.1
Total Nacional. Restaurantes y hoteles. Variación anual. ,1764543600000,4.6
Total Nacional. Restaurantes y hoteles. Variación anual. ,1761951600000,4.5
Total Nacional. Restaurantes y hoteles. Variación anual. ,1759269600000,4.4
Total Nacional. Restaurantes y hoteles. Variación anual. ,1756677600000,4.3
Total Nacional. Restaurantes y hoteles. Variación anual. ,1753999200000,4.3
Total Nacional. Restaurantes y hoteles. Variación anual. ,1751320800000,4.2
Total Nacional. Restaurantes y hoteles. Variación anual. ,1748728800000,4.1
Total Nacional. Restaurantes y hoteles. Variación anual. ,1746050400000,4.3
Total Nacional. Restaurantes y hoteles. Variación anual. ,1743458400000,4.5
Total Nacional. Restaurantes y hoteles. Variación anual. ,1740783600000,4.1
Total Nacional. Restaurantes y hoteles. Variación anual. ,1738364400000,4.1
Total Nacional. Restaurantes y hoteles. Variación anual. ,1735686000000,4.3
Total Nacional. Restaurantes y hoteles. Variación en lo que va de año. ,1764543600000,4.6
Total Nacional. Restaurantes y hoteles. Variación en lo que va de año. ,1761951600000,4.4
Total Nacional. Restaurantes y hoteles. Variación en lo que va de año. ,1759269600000,4.9
Total Nacional. Restaurantes y hoteles. Variación en lo que va de año. ,1756677600000,5.1
Total Nacional. Restaurantes y hoteles. Variación en lo que va de año. ,1753999200000,4.8
Total Nacional. Restaurantes y hoteles. Variación en lo que va de año. ,1751320800000,4.5
Total Nacional. Restaurantes y hoteles. Variación en lo que va de año. ,1748728800000,4.1
Total Nacional. Restaurantes y hoteles. Variación en lo que va de año. ,1746050400000,3.5
Total Nacional. Restaurantes y hoteles. Variación en lo que va de año. ,1743458400000,3.0
Total Nacional. Restaurantes y hoteles. Variación en lo que va de año. ,1740783600000,1.7
Total Nacional. Restaurantes y hoteles. Variación en lo que va de año. ,1738364400000,0.8
Total Nacional. Restaurantes y hoteles. Variación en lo que va de año. ,1735686000000,0.1
Total Nacional. Otros bienes y servicios. Índice. ,1764543600000,117.044
Total Nacional. Otros bienes y servicios. Índice. ,1761951600000,116.928
Total Nacional. Otros bienes y servicios. Índice. ,1759269600000,116.62
Total Nacional. Otros bienes y servicios. Índice. ,1756677600000,116.343
Total Nacional. Otros bienes y servicios. Índice. ,1753999200000,116.322
Total Nacional. Otros bienes y servicios. Índice. ,1751320800000,116.133
Total Nacional. Otros bienes y servicios. Índice. ,1748728800000,116.466
Total Nacional. Otros bienes y servicios. Índice. ,1746050400000,115.462
Total Nacional. Otros bienes y servicios. Índice. ,1743458400000,115.282
Total Nacional. Otros bienes y servicios. Índice. ,1740783600000,115.008
Total Nacional. Otros bienes y servicios. Índice. ,1738364400000,114.577
Total Nacional. Otros bienes y servicios. Índice. ,1735686000000,113.954
Total Nacional. Otros bienes y servicios. Variación mensual. ,1764543600000,0.1
Total Nacional. Otros bienes y servicios. Variación mensual. ,1761951600000,0.3
Total Nacional. Otros bienes y servicios. Variación mensual. ,1759269600000,0.2
Total Nacional. Otros bienes y servicios. Variación mensual. ,1756677600000,0.0
Total Nacional. Otros bienes y servicios. Variación mensual. ,1753999200000,0.2
Total Nacional. Otros bienes y servicios. Variación mensual. ,1751320800000,-0.3
Total Nacional. Otros bienes y servicios. Variación mensual. ,1748728800000,0.9
Total Nacional. Otros bienes y servicios. Variación mensual. ,1746050400000,0.2
Total Nacional. Otros bienes y servicios. Variación mensual. ,1743458400000,0.2
Total Nacional. Otros bienes y servicios. Variación mensual. ,1740783600000,0.4
Total Nacional. Otros bienes y servicios. Variación mensual. ,1738364400000,0.5
Total Nacional. Otros bienes y servicios. Variación mensual. ,1735686000000,0.7
Total Nacional. Otros bienes y servicios. Variación anual. ,1764543600000,3.4
Total Nacional. Otros bienes y servicios. Variación anual. ,1761951600000,3.4
Total Nacional. Otros bienes y servicios. Variación anual. ,1759269600000,3.4
Total Nacional. Otros bienes y servicios. Variación anual. ,1756677600000,3.5
Total Nacional. Otros bienes y servicios. Variación anual. ,1753999200000,3.4
Total Nacional. Otros bienes y servicios. Variación anual. ,1751320800000,3.4
Total Nacional. Otros bienes y servicios. Variación anual. ,1748728800000,3.5
Total Nacional. Otros bienes y servicios. Variación anual. ,1746050400000,3.6
Total Nacional. Otros bienes y servicios. Variación anual. ,1743458400000,3.6
Total Nacional. Otros bienes y servicios. Variación anual. ,1740783600000,3.8
Total Nacional. Otros bienes y servicios. Variación anual. ,1738364400000,3.6
Total Nacional. Otros bienes y servicios. Variación anual. ,1735686000000,3.7
Total Nacional. Otros bienes y servicios. Variación en lo que va de año. ,1764543600000,3.4
Total Nacional. Otros bienes y servicios. Variación en lo que va de año. ,1761951600000,3.3
Total Nacional. Otros bienes y servicios. Variación en lo que va de año. ,1759269600000,3.0
Total Nacional. Otros bienes y servicios. Variación en lo que va de año. ,1756677600000,2.8
Total Nacional. Otros bienes y servicios. Variación en lo que va de año. ,1753999200000,2.8
Total Nacional. Otros bienes y servicios. Variación en lo que va de año. ,1751320800000,2.6
Total Nacional. Otros bienes y servicios. Variación en lo que va de año. ,1748728800000,2.9
Total Nacional. Otros bienes y servicios. Variación en lo que va de año. ,1746050400000,2.0
Total Nacional. Otros bienes y servicios. Variación en lo que va de año. ,1743458400000,1.8
Total Nacional. Otros bienes y servicios. Variación en lo que va de año. ,1740783600000,1.6
Total Nacional. Otros bienes y servicios. Variación en lo que va de año. ,1738364400000,1.2
Total Nacional. Otros bienes y servicios. Variación en lo que va de año. ,1735686000000,0.7
